task,variant,schedule,chunk,N,K,threads,run,time,checksum
A,seq,none,0,100000,20,1,1,0.180878,54725000
A,seq,none,0,100000,20,1,2,0.149320,54725000
A,seq,none,0,100000,20,1,3,0.148933,54725000
A,seq,none,0,100000,24,1,1,0.861727,312551580
A,seq,none,0,100000,24,1,2,0.890888,312551580
A,seq,none,0,100000,24,1,3,0.872164,312551580
A,seq,none,0,100000,28,1,1,5.337871,1836308420
A,seq,none,0,100000,28,1,2,5.185465,1836308420
A,seq,none,0,100000,28,1,3,5.186494,1836308420
A,seq,none,0,500000,20,1,1,0.766265,273625000
A,seq,none,0,500000,20,1,2,0.764983,273625000
A,seq,none,0,500000,20,1,3,0.766039,273625000
A,seq,none,0,500000,24,1,1,4.413658,1562975025
A,seq,none,0,500000,24,1,2,4.373104,1562975025
A,seq,none,0,500000,24,1,3,4.430984,1562975025
A,seq,none,0,500000,28,1,1,26.097880,9182569400
A,seq,none,0,500000,28,1,2,26.702035,9182569400
A,seq,none,0,500000,28,1,3,26.169832,9182569400
A,seq,none,0,1000000,20,1,1,1.535346,547250000
A,seq,none,0,1000000,20,1,2,1.557066,547250000
A,seq,none,0,1000000,20,1,3,1.586226,547250000
A,seq,none,0,1000000,24,1,1,8.852114,3125951580
A,seq,none,0,1000000,24,1,2,8.791826,3125951580
A,seq,none,0,1000000,24,1,3,8.853414,3125951580
A,seq,none,0,1000000,28,1,1,51.747079,18365138825
A,seq,none,0,1000000,28,1,2,51.859996,18365138825
A,seq,none,0,1000000,28,1,3,51.962151,18365138825
A,omp,static,0,100000,20,1,1,0.103454,54725000
A,omp,static,0,100000,20,1,2,0.076269,54725000
A,omp,static,0,100000,20,1,3,0.076463,54725000
A,omp,dynamic,1,100000,20,1,1,0.077339,54725000
A,omp,dynamic,1,100000,20,1,2,0.076702,54725000
A,omp,dynamic,1,100000,20,1,3,0.076805,54725000
A,omp,dynamic,4,100000,20,1,1,0.076552,54725000
A,omp,dynamic,4,100000,20,1,2,0.076675,54725000
A,omp,dynamic,4,100000,20,1,3,0.077267,54725000
A,omp,dynamic,16,100000,20,1,1,0.076849,54725000
A,omp,dynamic,16,100000,20,1,2,0.076875,54725000
A,omp,dynamic,16,100000,20,1,3,0.107475,54725000
A,omp,dynamic,64,100000,20,1,1,0.103945,54725000
A,omp,dynamic,64,100000,20,1,2,0.077794,54725000
A,omp,dynamic,64,100000,20,1,3,0.076580,54725000
A,omp,guided,1,100000,20,1,1,0.076328,54725000
A,omp,guided,1,100000,20,1,2,0.076340,54725000
A,omp,guided,1,100000,20,1,3,0.076449,54725000
A,omp,guided,4,100000,20,1,1,0.076542,54725000
A,omp,guided,4,100000,20,1,2,0.076335,54725000
A,omp,guided,4,100000,20,1,3,0.076185,54725000
A,omp,guided,16,100000,20,1,1,0.076435,54725000
A,omp,guided,16,100000,20,1,2,0.076971,54725000
A,omp,guided,16,100000,20,1,3,0.076315,54725000
A,omp,guided,64,100000,20,1,1,0.079601,54725000
A,omp,guided,64,100000,20,1,2,0.076146,54725000
A,omp,guided,64,100000,20,1,3,0.076433,54725000
A,omp,static,0,100000,20,2,1,0.039327,54725000
A,omp,static,0,100000,20,2,2,0.039063,54725000
A,omp,static,0,100000,20,2,3,0.038983,54725000
A,omp,dynamic,1,100000,20,2,1,0.039515,54725000
A,omp,dynamic,1,100000,20,2,2,0.039344,54725000
A,omp,dynamic,1,100000,20,2,3,0.039587,54725000
A,omp,dynamic,4,100000,20,2,1,0.039028,54725000
A,omp,dynamic,4,100000,20,2,2,0.039192,54725000
A,omp,dynamic,4,100000,20,2,3,0.039127,54725000
A,omp,dynamic,16,100000,20,2,1,0.039174,54725000
A,omp,dynamic,16,100000,20,2,2,0.039127,54725000
A,omp,dynamic,16,100000,20,2,3,0.039122,54725000
A,omp,dynamic,64,100000,20,2,1,0.039090,54725000
A,omp,dynamic,64,100000,20,2,2,0.039032,54725000
A,omp,dynamic,64,100000,20,2,3,0.039070,54725000
A,omp,guided,1,100000,20,2,1,0.040085,54725000
A,omp,guided,1,100000,20,2,2,0.038959,54725000
A,omp,guided,1,100000,20,2,3,0.038865,54725000
A,omp,guided,4,100000,20,2,1,0.039069,54725000
A,omp,guided,4,100000,20,2,2,0.038890,54725000
A,omp,guided,4,100000,20,2,3,0.038913,54725000
A,omp,guided,16,100000,20,2,1,0.039059,54725000
A,omp,guided,16,100000,20,2,2,0.039064,54725000
A,omp,guided,16,100000,20,2,3,0.038956,54725000
A,omp,guided,64,100000,20,2,1,0.039134,54725000
A,omp,guided,64,100000,20,2,2,0.039005,54725000
A,omp,guided,64,100000,20,2,3,0.040027,54725000
A,omp,static,0,100000,20,4,1,0.021520,54725000
A,omp,static,0,100000,20,4,2,0.020691,54725000
A,omp,static,0,100000,20,4,3,0.021927,54725000
A,omp,dynamic,1,100000,20,4,1,0.021151,54725000
A,omp,dynamic,1,100000,20,4,2,0.021091,54725000
A,omp,dynamic,1,100000,20,4,3,0.021094,54725000
A,omp,dynamic,4,100000,20,4,1,0.020998,54725000
A,omp,dynamic,4,100000,20,4,2,0.020941,54725000
A,omp,dynamic,4,100000,20,4,3,0.020874,54725000
A,omp,dynamic,16,100000,20,4,1,0.021040,54725000
A,omp,dynamic,16,100000,20,4,2,0.020725,54725000
A,omp,dynamic,16,100000,20,4,3,0.020542,54725000
A,omp,dynamic,64,100000,20,4,1,0.020733,54725000
A,omp,dynamic,64,100000,20,4,2,0.021735,54725000
A,omp,dynamic,64,100000,20,4,3,0.020454,54725000
A,omp,guided,1,100000,20,4,1,0.020786,54725000
A,omp,guided,1,100000,20,4,2,0.020662,54725000
A,omp,guided,1,100000,20,4,3,0.020820,54725000
A,omp,guided,4,100000,20,4,1,0.020984,54725000
A,omp,guided,4,100000,20,4,2,0.020724,54725000
A,omp,guided,4,100000,20,4,3,0.023122,54725000
A,omp,guided,16,100000,20,4,1,0.024288,54725000
A,omp,guided,16,100000,20,4,2,0.021439,54725000
A,omp,guided,16,100000,20,4,3,0.020901,54725000
A,omp,guided,64,100000,20,4,1,0.020867,54725000
A,omp,guided,64,100000,20,4,2,0.020579,54725000
A,omp,guided,64,100000,20,4,3,0.021359,54725000
A,omp,static,0,100000,20,8,1,0.016306,54725000
A,omp,static,0,100000,20,8,2,0.017325,54725000
A,omp,static,0,100000,20,8,3,0.017463,54725000
A,omp,dynamic,1,100000,20,8,1,0.015319,54725000
A,omp,dynamic,1,100000,20,8,2,0.016110,54725000
A,omp,dynamic,1,100000,20,8,3,0.016079,54725000
A,omp,dynamic,4,100000,20,8,1,0.014867,54725000
A,omp,dynamic,4,100000,20,8,2,0.015467,54725000
A,omp,dynamic,4,100000,20,8,3,0.014678,54725000
A,omp,dynamic,16,100000,20,8,1,0.015090,54725000
A,omp,dynamic,16,100000,20,8,2,0.015383,54725000
A,omp,dynamic,16,100000,20,8,3,0.015435,54725000
A,omp,dynamic,64,100000,20,8,1,0.014580,54725000
A,omp,dynamic,64,100000,20,8,2,0.015337,54725000
A,omp,dynamic,64,100000,20,8,3,0.033648,54725000
A,omp,guided,1,100000,20,8,1,0.016370,54725000
A,omp,guided,1,100000,20,8,2,0.015362,54725000
A,omp,guided,1,100000,20,8,3,0.015068,54725000
A,omp,guided,4,100000,20,8,1,0.016174,54725000
A,omp,guided,4,100000,20,8,2,0.014795,54725000
A,omp,guided,4,100000,20,8,3,0.017170,54725000
A,omp,guided,16,100000,20,8,1,0.018893,54725000
A,omp,guided,16,100000,20,8,2,0.015391,54725000
A,omp,guided,16,100000,20,8,3,0.015311,54725000
A,omp,guided,64,100000,20,8,1,0.018198,54725000
A,omp,guided,64,100000,20,8,2,0.016225,54725000
A,omp,guided,64,100000,20,8,3,0.016581,54725000
A,omp,static,0,100000,20,16,1,0.017376,54725000
A,omp,static,0,100000,20,16,2,0.016771,54725000
A,omp,static,0,100000,20,16,3,0.016611,54725000
A,omp,dynamic,1,100000,20,16,1,0.015518,54725000
A,omp,dynamic,1,100000,20,16,2,0.015981,54725000
A,omp,dynamic,1,100000,20,16,3,0.015704,54725000
A,omp,dynamic,4,100000,20,16,1,0.014847,54725000
A,omp,dynamic,4,100000,20,16,2,0.015593,54725000
A,omp,dynamic,4,100000,20,16,3,0.015178,54725000
A,omp,dynamic,16,100000,20,16,1,0.014900,54725000
A,omp,dynamic,16,100000,20,16,2,0.015360,54725000
A,omp,dynamic,16,100000,20,16,3,0.015161,54725000
A,omp,dynamic,64,100000,20,16,1,0.014918,54725000
A,omp,dynamic,64,100000,20,16,2,0.014865,54725000
A,omp,dynamic,64,100000,20,16,3,0.014816,54725000
A,omp,guided,1,100000,20,16,1,0.016053,54725000
A,omp,guided,1,100000,20,16,2,0.015215,54725000
A,omp,guided,1,100000,20,16,3,0.015494,54725000
A,omp,guided,4,100000,20,16,1,0.017105,54725000
A,omp,guided,4,100000,20,16,2,0.014718,54725000
A,omp,guided,4,100000,20,16,3,0.014993,54725000
A,omp,guided,16,100000,20,16,1,0.016978,54725000
A,omp,guided,16,100000,20,16,2,0.015166,54725000
A,omp,guided,16,100000,20,16,3,0.015089,54725000
A,omp,guided,64,100000,20,16,1,0.015765,54725000
A,omp,guided,64,100000,20,16,2,0.014723,54725000
A,omp,guided,64,100000,20,16,3,0.015693,54725000
A,omp,static,0,100000,24,1,1,0.449340,312551580
A,omp,static,0,100000,24,1,2,0.483111,312551580
A,omp,static,0,100000,24,1,3,0.461275,312551580
A,omp,dynamic,1,100000,24,1,1,0.449001,312551580
A,omp,dynamic,1,100000,24,1,2,0.447901,312551580
A,omp,dynamic,1,100000,24,1,3,0.450203,312551580
A,omp,dynamic,4,100000,24,1,1,0.447869,312551580
A,omp,dynamic,4,100000,24,1,2,0.447554,312551580
A,omp,dynamic,4,100000,24,1,3,0.448190,312551580
A,omp,dynamic,16,100000,24,1,1,0.447879,312551580
A,omp,dynamic,16,100000,24,1,2,0.449163,312551580
A,omp,dynamic,16,100000,24,1,3,0.450668,312551580
A,omp,dynamic,64,100000,24,1,1,0.450923,312551580
A,omp,dynamic,64,100000,24,1,2,0.447867,312551580
A,omp,dynamic,64,100000,24,1,3,0.488512,312551580
A,omp,guided,1,100000,24,1,1,0.447511,312551580
A,omp,guided,1,100000,24,1,2,0.447743,312551580
A,omp,guided,1,100000,24,1,3,0.447905,312551580
A,omp,guided,4,100000,24,1,1,0.447209,312551580
A,omp,guided,4,100000,24,1,2,0.449069,312551580
A,omp,guided,4,100000,24,1,3,0.447944,312551580
A,omp,guided,16,100000,24,1,1,0.455745,312551580
A,omp,guided,16,100000,24,1,2,0.452167,312551580
A,omp,guided,16,100000,24,1,3,0.449737,312551580
A,omp,guided,64,100000,24,1,1,0.448423,312551580
A,omp,guided,64,100000,24,1,2,0.448431,312551580
A,omp,guided,64,100000,24,1,3,0.447893,312551580
A,omp,static,0,100000,24,2,1,0.258126,312551580
A,omp,static,0,100000,24,2,2,0.230147,312551580
A,omp,static,0,100000,24,2,3,0.229397,312551580
A,omp,dynamic,1,100000,24,2,1,0.282626,312551580
A,omp,dynamic,1,100000,24,2,2,0.230844,312551580
A,omp,dynamic,1,100000,24,2,3,0.229042,312551580
A,omp,dynamic,4,100000,24,2,1,0.228991,312551580
A,omp,dynamic,4,100000,24,2,2,0.228967,312551580
A,omp,dynamic,4,100000,24,2,3,0.228952,312551580
A,omp,dynamic,16,100000,24,2,1,0.230150,312551580
A,omp,dynamic,16,100000,24,2,2,0.230092,312551580
A,omp,dynamic,16,100000,24,2,3,0.230464,312551580
A,omp,dynamic,64,100000,24,2,1,0.229202,312551580
A,omp,dynamic,64,100000,24,2,2,0.263110,312551580
A,omp,dynamic,64,100000,24,2,3,0.229291,312551580
A,omp,guided,1,100000,24,2,1,0.228916,312551580
A,omp,guided,1,100000,24,2,2,0.228955,312551580
A,omp,guided,1,100000,24,2,3,0.228966,312551580
A,omp,guided,4,100000,24,2,1,0.230205,312551580
A,omp,guided,4,100000,24,2,2,0.228896,312551580
A,omp,guided,4,100000,24,2,3,0.229034,312551580
A,omp,guided,16,100000,24,2,1,0.228594,312551580
A,omp,guided,16,100000,24,2,2,0.237334,312551580
A,omp,guided,16,100000,24,2,3,0.229098,312551580
A,omp,guided,64,100000,24,2,1,0.229126,312551580
A,omp,guided,64,100000,24,2,2,0.228703,312551580
A,omp,guided,64,100000,24,2,3,0.229214,312551580
A,omp,static,0,100000,24,4,1,0.127117,312551580
A,omp,static,0,100000,24,4,2,0.120336,312551580
A,omp,static,0,100000,24,4,3,0.120121,312551580
A,omp,dynamic,1,100000,24,4,1,0.120347,312551580
A,omp,dynamic,1,100000,24,4,2,0.119872,312551580
A,omp,dynamic,1,100000,24,4,3,0.119976,312551580
A,omp,dynamic,4,100000,24,4,1,0.119863,312551580
A,omp,dynamic,4,100000,24,4,2,0.121455,312551580
A,omp,dynamic,4,100000,24,4,3,0.119891,312551580
A,omp,dynamic,16,100000,24,4,1,0.152230,312551580
A,omp,dynamic,16,100000,24,4,2,0.122134,312551580
A,omp,dynamic,16,100000,24,4,3,0.132447,312551580
A,omp,dynamic,64,100000,24,4,1,0.121789,312551580
A,omp,dynamic,64,100000,24,4,2,0.135498,312551580
A,omp,dynamic,64,100000,24,4,3,0.120353,312551580
A,omp,guided,1,100000,24,4,1,0.123250,312551580
A,omp,guided,1,100000,24,4,2,0.122030,312551580
A,omp,guided,1,100000,24,4,3,0.120128,312551580
A,omp,guided,4,100000,24,4,1,0.120121,312551580
A,omp,guided,4,100000,24,4,2,0.120615,312551580
A,omp,guided,4,100000,24,4,3,0.121235,312551580
A,omp,guided,16,100000,24,4,1,0.119782,312551580
A,omp,guided,16,100000,24,4,2,0.120001,312551580
A,omp,guided,16,100000,24,4,3,0.119834,312551580
A,omp,guided,64,100000,24,4,1,0.129966,312551580
A,omp,guided,64,100000,24,4,2,0.120441,312551580
A,omp,guided,64,100000,24,4,3,0.119951,312551580
A,omp,static,0,100000,24,8,1,0.096136,312551580
A,omp,static,0,100000,24,8,2,0.095986,312551580
A,omp,static,0,100000,24,8,3,0.094365,312551580
A,omp,dynamic,1,100000,24,8,1,0.087917,312551580
A,omp,dynamic,1,100000,24,8,2,0.087205,312551580
A,omp,dynamic,1,100000,24,8,3,0.088422,312551580
A,omp,dynamic,4,100000,24,8,1,0.097071,312551580
A,omp,dynamic,4,100000,24,8,2,0.087582,312551580
A,omp,dynamic,4,100000,24,8,3,0.089115,312551580
A,omp,dynamic,16,100000,24,8,1,0.087606,312551580
A,omp,dynamic,16,100000,24,8,2,0.086944,312551580
A,omp,dynamic,16,100000,24,8,3,0.087766,312551580
A,omp,dynamic,64,100000,24,8,1,0.087200,312551580
A,omp,dynamic,64,100000,24,8,2,0.086817,312551580
A,omp,dynamic,64,100000,24,8,3,0.091410,312551580
A,omp,guided,1,100000,24,8,1,0.088023,312551580
A,omp,guided,1,100000,24,8,2,0.088455,312551580
A,omp,guided,1,100000,24,8,3,0.088214,312551580
A,omp,guided,4,100000,24,8,1,0.088754,312551580
A,omp,guided,4,100000,24,8,2,0.087410,312551580
A,omp,guided,4,100000,24,8,3,0.086657,312551580
A,omp,guided,16,100000,24,8,1,0.091421,312551580
A,omp,guided,16,100000,24,8,2,0.086326,312551580
A,omp,guided,16,100000,24,8,3,0.088057,312551580
A,omp,guided,64,100000,24,8,1,0.106292,312551580
A,omp,guided,64,100000,24,8,2,0.088558,312551580
A,omp,guided,64,100000,24,8,3,0.090302,312551580
A,omp,static,0,100000,24,16,1,0.187992,312551580
A,omp,static,0,100000,24,16,2,0.092449,312551580
A,omp,static,0,100000,24,16,3,0.093351,312551580
A,omp,dynamic,1,100000,24,16,1,0.090494,312551580
A,omp,dynamic,1,100000,24,16,2,0.088447,312551580
A,omp,dynamic,1,100000,24,16,3,0.088407,312551580
A,omp,dynamic,4,100000,24,16,1,0.090450,312551580
A,omp,dynamic,4,100000,24,16,2,0.086674,312551580
A,omp,dynamic,4,100000,24,16,3,0.090121,312551580
A,omp,dynamic,16,100000,24,16,1,0.087026,312551580
A,omp,dynamic,16,100000,24,16,2,0.086782,312551580
A,omp,dynamic,16,100000,24,16,3,0.124497,312551580
A,omp,dynamic,64,100000,24,16,1,0.086772,312551580
A,omp,dynamic,64,100000,24,16,2,0.087620,312551580
A,omp,dynamic,64,100000,24,16,3,0.086470,312551580
A,omp,guided,1,100000,24,16,1,0.086545,312551580
A,omp,guided,1,100000,24,16,2,0.089746,312551580
A,omp,guided,1,100000,24,16,3,0.089148,312551580
A,omp,guided,4,100000,24,16,1,0.089532,312551580
A,omp,guided,4,100000,24,16,2,0.088050,312551580
A,omp,guided,4,100000,24,16,3,0.090032,312551580
A,omp,guided,16,100000,24,16,1,0.095165,312551580
A,omp,guided,16,100000,24,16,2,0.089759,312551580
A,omp,guided,16,100000,24,16,3,0.088807,312551580
A,omp,guided,64,100000,24,16,1,0.091948,312551580
A,omp,guided,64,100000,24,16,2,0.087879,312551580
A,omp,guided,64,100000,24,16,3,0.088523,312551580
A,omp,static,0,100000,28,1,1,2.592868,1836308420
A,omp,static,0,100000,28,1,2,2.624104,1836308420
A,omp,static,0,100000,28,1,3,2.588334,1836308420
A,omp,dynamic,1,100000,28,1,1,2.621937,1836308420
A,omp,dynamic,1,100000,28,1,2,2.684795,1836308420
A,omp,dynamic,1,100000,28,1,3,2.579749,1836308420
A,omp,dynamic,4,100000,28,1,1,2.631867,1836308420
A,omp,dynamic,4,100000,28,1,2,2.591774,1836308420
A,omp,dynamic,4,100000,28,1,3,2.619207,1836308420
A,omp,dynamic,16,100000,28,1,1,2.588855,1836308420
A,omp,dynamic,16,100000,28,1,2,2.621146,1836308420
A,omp,dynamic,16,100000,28,1,3,2.581365,1836308420
A,omp,dynamic,64,100000,28,1,1,2.614093,1836308420
A,omp,dynamic,64,100000,28,1,2,2.615034,1836308420
A,omp,dynamic,64,100000,28,1,3,2.584852,1836308420
A,omp,guided,1,100000,28,1,1,2.587071,1836308420
A,omp,guided,1,100000,28,1,2,2.628361,1836308420
A,omp,guided,1,100000,28,1,3,2.643155,1836308420
A,omp,guided,4,100000,28,1,1,2.647619,1836308420
A,omp,guided,4,100000,28,1,2,2.579172,1836308420
A,omp,guided,4,100000,28,1,3,2.624295,1836308420
A,omp,guided,16,100000,28,1,1,2.588623,1836308420
A,omp,guided,16,100000,28,1,2,2.645975,1836308420
A,omp,guided,16,100000,28,1,3,2.622435,1836308420
A,omp,guided,64,100000,28,1,1,2.588615,1836308420
A,omp,guided,64,100000,28,1,2,2.628104,1836308420
A,omp,guided,64,100000,28,1,3,2.611659,1836308420
A,omp,static,0,100000,28,2,1,1.322872,1836308420
A,omp,static,0,100000,28,2,2,1.361997,1836308420
A,omp,static,0,100000,28,2,3,1.348157,1836308420
A,omp,dynamic,1,100000,28,2,1,1.327053,1836308420
A,omp,dynamic,1,100000,28,2,2,1.322926,1836308420
A,omp,dynamic,1,100000,28,2,3,1.393935,1836308420
A,omp,dynamic,4,100000,28,2,1,1.330379,1836308420
A,omp,dynamic,4,100000,28,2,2,1.320920,1836308420
A,omp,dynamic,4,100000,28,2,3,1.320309,1836308420
A,omp,dynamic,16,100000,28,2,1,1.358721,1836308420
A,omp,dynamic,16,100000,28,2,2,1.324706,1836308420
A,omp,dynamic,16,100000,28,2,3,1.343039,1836308420
A,omp,dynamic,64,100000,28,2,1,1.361112,1836308420
A,omp,dynamic,64,100000,28,2,2,1.320777,1836308420
A,omp,dynamic,64,100000,28,2,3,1.321432,1836308420
A,omp,guided,1,100000,28,2,1,1.322384,1836308420
A,omp,guided,1,100000,28,2,2,1.356264,1836308420
A,omp,guided,1,100000,28,2,3,1.321945,1836308420
A,omp,guided,4,100000,28,2,1,1.323268,1836308420
A,omp,guided,4,100000,28,2,2,1.321535,1836308420
A,omp,guided,4,100000,28,2,3,1.387256,1836308420
A,omp,guided,16,100000,28,2,1,1.329741,1836308420
A,omp,guided,16,100000,28,2,2,1.321528,1836308420
A,omp,guided,16,100000,28,2,3,1.359336,1836308420
A,omp,guided,64,100000,28,2,1,1.322882,1836308420
A,omp,guided,64,100000,28,2,2,1.324798,1836308420
A,omp,guided,64,100000,28,2,3,1.318983,1836308420
A,omp,static,0,100000,28,4,1,0.698894,1836308420
A,omp,static,0,100000,28,4,2,0.691513,1836308420
A,omp,static,0,100000,28,4,3,0.686251,1836308420
A,omp,dynamic,1,100000,28,4,1,0.724394,1836308420
A,omp,dynamic,1,100000,28,4,2,0.699101,1836308420
A,omp,dynamic,1,100000,28,4,3,0.686038,1836308420
A,omp,dynamic,4,100000,28,4,1,0.693394,1836308420
A,omp,dynamic,4,100000,28,4,2,0.693737,1836308420
A,omp,dynamic,4,100000,28,4,3,0.730874,1836308420
A,omp,dynamic,16,100000,28,4,1,0.697958,1836308420
A,omp,dynamic,16,100000,28,4,2,0.696930,1836308420
A,omp,dynamic,16,100000,28,4,3,0.725447,1836308420
A,omp,dynamic,64,100000,28,4,1,0.702333,1836308420
A,omp,dynamic,64,100000,28,4,2,0.699635,1836308420
A,omp,dynamic,64,100000,28,4,3,0.701084,1836308420
A,omp,guided,1,100000,28,4,1,0.738672,1836308420
A,omp,guided,1,100000,28,4,2,0.703071,1836308420
A,omp,guided,1,100000,28,4,3,0.700653,1836308420
A,omp,guided,4,100000,28,4,1,0.708471,1836308420
A,omp,guided,4,100000,28,4,2,0.706016,1836308420
A,omp,guided,4,100000,28,4,3,0.703164,1836308420
A,omp,guided,16,100000,28,4,1,0.711528,1836308420
A,omp,guided,16,100000,28,4,2,0.770748,1836308420
A,omp,guided,16,100000,28,4,3,0.703909,1836308420
A,omp,guided,64,100000,28,4,1,0.711144,1836308420
A,omp,guided,64,100000,28,4,2,0.709027,1836308420
A,omp,guided,64,100000,28,4,3,0.707994,1836308420
A,omp,static,0,100000,28,8,1,0.535050,1836308420
A,omp,static,0,100000,28,8,2,0.526770,1836308420
A,omp,static,0,100000,28,8,3,0.537426,1836308420
A,omp,dynamic,1,100000,28,8,1,0.526064,1836308420
A,omp,dynamic,1,100000,28,8,2,0.525323,1836308420
A,omp,dynamic,1,100000,28,8,3,0.552258,1836308420
A,omp,dynamic,4,100000,28,8,1,0.525144,1836308420
A,omp,dynamic,4,100000,28,8,2,0.539927,1836308420
A,omp,dynamic,4,100000,28,8,3,0.535755,1836308420
A,omp,dynamic,16,100000,28,8,1,0.522632,1836308420
A,omp,dynamic,16,100000,28,8,2,0.535871,1836308420
A,omp,dynamic,16,100000,28,8,3,0.547155,1836308420
A,omp,dynamic,64,100000,28,8,1,0.533968,1836308420
A,omp,dynamic,64,100000,28,8,2,0.565388,1836308420
A,omp,dynamic,64,100000,28,8,3,0.527333,1836308420
A,omp,guided,1,100000,28,8,1,0.566734,1836308420
A,omp,guided,1,100000,28,8,2,0.526712,1836308420
A,omp,guided,1,100000,28,8,3,0.547710,1836308420
A,omp,guided,4,100000,28,8,1,0.523579,1836308420
A,omp,guided,4,100000,28,8,2,0.542215,1836308420
A,omp,guided,4,100000,28,8,3,0.576703,1836308420
A,omp,guided,16,100000,28,8,1,0.531946,1836308420
A,omp,guided,16,100000,28,8,2,0.531982,1836308420
A,omp,guided,16,100000,28,8,3,0.532738,1836308420
A,omp,guided,64,100000,28,8,1,0.538977,1836308420
A,omp,guided,64,100000,28,8,2,0.570796,1836308420
A,omp,guided,64,100000,28,8,3,0.532658,1836308420
A,omp,static,0,100000,28,16,1,0.529638,1836308420
A,omp,static,0,100000,28,16,2,0.533884,1836308420
A,omp,static,0,100000,28,16,3,0.589309,1836308420
A,omp,dynamic,1,100000,28,16,1,0.529197,1836308420
A,omp,dynamic,1,100000,28,16,2,0.536836,1836308420
A,omp,dynamic,1,100000,28,16,3,0.528867,1836308420
A,omp,dynamic,4,100000,28,16,1,0.528433,1836308420
A,omp,dynamic,4,100000,28,16,2,0.534964,1836308420
A,omp,dynamic,4,100000,28,16,3,0.531182,1836308420
A,omp,dynamic,16,100000,28,16,1,0.523622,1836308420
A,omp,dynamic,16,100000,28,16,2,0.567637,1836308420
A,omp,dynamic,16,100000,28,16,3,0.548658,1836308420
A,omp,dynamic,64,100000,28,16,1,0.526873,1836308420
A,omp,dynamic,64,100000,28,16,2,0.530071,1836308420
A,omp,dynamic,64,100000,28,16,3,0.546330,1836308420
A,omp,guided,1,100000,28,16,1,0.541559,1836308420
A,omp,guided,1,100000,28,16,2,0.532888,1836308420
A,omp,guided,1,100000,28,16,3,0.534160,1836308420
A,omp,guided,4,100000,28,16,1,0.541627,1836308420
A,omp,guided,4,100000,28,16,2,0.534689,1836308420
A,omp,guided,4,100000,28,16,3,0.544412,1836308420
A,omp,guided,16,100000,28,16,1,0.571085,1836308420
A,omp,guided,16,100000,28,16,2,0.533321,1836308420
A,omp,guided,16,100000,28,16,3,0.533875,1836308420
A,omp,guided,64,100000,28,16,1,0.538174,1836308420
A,omp,guided,64,100000,28,16,2,0.543038,1836308420
A,omp,guided,64,100000,28,16,3,0.543923,1836308420
A,omp,static,0,500000,20,1,1,0.390911,273625000
A,omp,static,0,500000,20,1,2,0.379233,273625000
A,omp,static,0,500000,20,1,3,0.379284,273625000
A,omp,dynamic,1,500000,20,1,1,0.383317,273625000
A,omp,dynamic,1,500000,20,1,2,0.419630,273625000
A,omp,dynamic,1,500000,20,1,3,0.382251,273625000
A,omp,dynamic,4,500000,20,1,1,0.380124,273625000
A,omp,dynamic,4,500000,20,1,2,0.379596,273625000
A,omp,dynamic,4,500000,20,1,3,0.379588,273625000
A,omp,dynamic,16,500000,20,1,1,0.380417,273625000
A,omp,dynamic,16,500000,20,1,2,0.379639,273625000
A,omp,dynamic,16,500000,20,1,3,0.379242,273625000
A,omp,dynamic,64,500000,20,1,1,0.378499,273625000
A,omp,dynamic,64,500000,20,1,2,0.380854,273625000
A,omp,dynamic,64,500000,20,1,3,0.381108,273625000
A,omp,guided,1,500000,20,1,1,0.397684,273625000
A,omp,guided,1,500000,20,1,2,0.382183,273625000
A,omp,guided,1,500000,20,1,3,0.379237,273625000
A,omp,guided,4,500000,20,1,1,0.379239,273625000
A,omp,guided,4,500000,20,1,2,0.381032,273625000
A,omp,guided,4,500000,20,1,3,0.378858,273625000
A,omp,guided,16,500000,20,1,1,0.378963,273625000
A,omp,guided,16,500000,20,1,2,0.379278,273625000
A,omp,guided,16,500000,20,1,3,0.379444,273625000
A,omp,guided,64,500000,20,1,1,0.380105,273625000
A,omp,guided,64,500000,20,1,2,0.379015,273625000
A,omp,guided,64,500000,20,1,3,0.382286,273625000
A,omp,static,0,500000,20,2,1,0.194047,273625000
A,omp,static,0,500000,20,2,2,0.193913,273625000
A,omp,static,0,500000,20,2,3,0.194113,273625000
A,omp,dynamic,1,500000,20,2,1,0.195822,273625000
A,omp,dynamic,1,500000,20,2,2,0.196007,273625000
A,omp,dynamic,1,500000,20,2,3,0.196785,273625000
A,omp,dynamic,4,500000,20,2,1,0.195849,273625000
A,omp,dynamic,4,500000,20,2,2,0.194201,273625000
A,omp,dynamic,4,500000,20,2,3,0.194252,273625000
A,omp,dynamic,16,500000,20,2,1,0.193907,273625000
A,omp,dynamic,16,500000,20,2,2,0.193831,273625000
A,omp,dynamic,16,500000,20,2,3,0.194043,273625000
A,omp,dynamic,64,500000,20,2,1,0.193773,273625000
A,omp,dynamic,64,500000,20,2,2,0.193922,273625000
A,omp,dynamic,64,500000,20,2,3,0.194338,273625000
A,omp,guided,1,500000,20,2,1,0.193914,273625000
A,omp,guided,1,500000,20,2,2,0.195031,273625000
A,omp,guided,1,500000,20,2,3,0.193850,273625000
A,omp,guided,4,500000,20,2,1,0.193638,273625000
A,omp,guided,4,500000,20,2,2,0.193915,273625000
A,omp,guided,4,500000,20,2,3,0.193808,273625000
A,omp,guided,16,500000,20,2,1,0.193352,273625000
A,omp,guided,16,500000,20,2,2,0.193575,273625000
A,omp,guided,16,500000,20,2,3,0.193743,273625000
A,omp,guided,64,500000,20,2,1,0.194807,273625000
A,omp,guided,64,500000,20,2,2,0.193708,273625000
A,omp,guided,64,500000,20,2,3,0.195201,273625000
A,omp,static,0,500000,20,4,1,0.102001,273625000
A,omp,static,0,500000,20,4,2,0.102424,273625000
A,omp,static,0,500000,20,4,3,0.102457,273625000
A,omp,dynamic,1,500000,20,4,1,0.103139,273625000
A,omp,dynamic,1,500000,20,4,2,0.166835,273625000
A,omp,dynamic,1,500000,20,4,3,0.110941,273625000
A,omp,dynamic,4,500000,20,4,1,0.103519,273625000
A,omp,dynamic,4,500000,20,4,2,0.101883,273625000
A,omp,dynamic,4,500000,20,4,3,0.101845,273625000
A,omp,dynamic,16,500000,20,4,1,0.102017,273625000
A,omp,dynamic,16,500000,20,4,2,0.102061,273625000
A,omp,dynamic,16,500000,20,4,3,0.102902,273625000
A,omp,dynamic,64,500000,20,4,1,0.101813,273625000
A,omp,dynamic,64,500000,20,4,2,0.101714,273625000
A,omp,dynamic,64,500000,20,4,3,0.101912,273625000
A,omp,guided,1,500000,20,4,1,0.101903,273625000
A,omp,guided,1,500000,20,4,2,0.102300,273625000
A,omp,guided,1,500000,20,4,3,0.102702,273625000
A,omp,guided,4,500000,20,4,1,0.102036,273625000
A,omp,guided,4,500000,20,4,2,0.101663,273625000
A,omp,guided,4,500000,20,4,3,0.101547,273625000
A,omp,guided,16,500000,20,4,1,0.101710,273625000
A,omp,guided,16,500000,20,4,2,0.102431,273625000
A,omp,guided,16,500000,20,4,3,0.102386,273625000
A,omp,guided,64,500000,20,4,1,0.101533,273625000
A,omp,guided,64,500000,20,4,2,0.101635,273625000
A,omp,guided,64,500000,20,4,3,0.101617,273625000
A,omp,static,0,500000,20,8,1,0.079458,273625000
A,omp,static,0,500000,20,8,2,0.079095,273625000
A,omp,static,0,500000,20,8,3,0.077956,273625000
A,omp,dynamic,1,500000,20,8,1,0.077166,273625000
A,omp,dynamic,1,500000,20,8,2,0.076764,273625000
A,omp,dynamic,1,500000,20,8,3,0.077190,273625000
A,omp,dynamic,4,500000,20,8,1,0.074262,273625000
A,omp,dynamic,4,500000,20,8,2,0.074415,273625000
A,omp,dynamic,4,500000,20,8,3,0.074637,273625000
A,omp,dynamic,16,500000,20,8,1,0.074050,273625000
A,omp,dynamic,16,500000,20,8,2,0.074127,273625000
A,omp,dynamic,16,500000,20,8,3,0.077136,273625000
A,omp,dynamic,64,500000,20,8,1,0.077330,273625000
A,omp,dynamic,64,500000,20,8,2,0.074060,273625000
A,omp,dynamic,64,500000,20,8,3,0.074765,273625000
A,omp,guided,1,500000,20,8,1,0.074863,273625000
A,omp,guided,1,500000,20,8,2,0.077039,273625000
A,omp,guided,1,500000,20,8,3,0.083996,273625000
A,omp,guided,4,500000,20,8,1,0.076409,273625000
A,omp,guided,4,500000,20,8,2,0.078264,273625000
A,omp,guided,4,500000,20,8,3,0.073684,273625000
A,omp,guided,16,500000,20,8,1,0.073943,273625000
A,omp,guided,16,500000,20,8,2,0.074925,273625000
A,omp,guided,16,500000,20,8,3,0.073702,273625000
A,omp,guided,64,500000,20,8,1,0.080459,273625000
A,omp,guided,64,500000,20,8,2,0.073592,273625000
A,omp,guided,64,500000,20,8,3,0.076580,273625000
A,omp,static,0,500000,20,16,1,0.080969,273625000
A,omp,static,0,500000,20,16,2,0.079259,273625000
A,omp,static,0,500000,20,16,3,0.113034,273625000
A,omp,dynamic,1,500000,20,16,1,0.087367,273625000
A,omp,dynamic,1,500000,20,16,2,0.118990,273625000
A,omp,dynamic,1,500000,20,16,3,0.080065,273625000
A,omp,dynamic,4,500000,20,16,1,0.077954,273625000
A,omp,dynamic,4,500000,20,16,2,0.077644,273625000
A,omp,dynamic,4,500000,20,16,3,0.080916,273625000
A,omp,dynamic,16,500000,20,16,1,0.073758,273625000
A,omp,dynamic,16,500000,20,16,2,0.074618,273625000
A,omp,dynamic,16,500000,20,16,3,0.074810,273625000
A,omp,dynamic,64,500000,20,16,1,0.073690,273625000
A,omp,dynamic,64,500000,20,16,2,0.073491,273625000
A,omp,dynamic,64,500000,20,16,3,0.075277,273625000
A,omp,guided,1,500000,20,16,1,0.077602,273625000
A,omp,guided,1,500000,20,16,2,0.074836,273625000
A,omp,guided,1,500000,20,16,3,0.075984,273625000
A,omp,guided,4,500000,20,16,1,0.074828,273625000
A,omp,guided,4,500000,20,16,2,0.074401,273625000
A,omp,guided,4,500000,20,16,3,0.076973,273625000
A,omp,guided,16,500000,20,16,1,0.076473,273625000
A,omp,guided,16,500000,20,16,2,0.074735,273625000
A,omp,guided,16,500000,20,16,3,0.075256,273625000
A,omp,guided,64,500000,20,16,1,0.077342,273625000
A,omp,guided,64,500000,20,16,2,0.075915,273625000
A,omp,guided,64,500000,20,16,3,0.076773,273625000
A,omp,static,0,500000,24,1,1,2.240085,1562975025
A,omp,static,0,500000,24,1,2,2.278685,1562975025
A,omp,static,0,500000,24,1,3,2.234969,1562975025
A,omp,dynamic,1,500000,24,1,1,2.279267,1562975025
A,omp,dynamic,1,500000,24,1,2,2.261394,1562975025
A,omp,dynamic,1,500000,24,1,3,2.269328,1562975025
A,omp,dynamic,4,500000,24,1,1,2.234490,1562975025
A,omp,dynamic,4,500000,24,1,2,2.232067,1562975025
A,omp,dynamic,4,500000,24,1,3,2.265014,1562975025
A,omp,dynamic,16,500000,24,1,1,2.238150,1562975025
A,omp,dynamic,16,500000,24,1,2,2.232839,1562975025
A,omp,dynamic,16,500000,24,1,3,2.268126,1562975025
A,omp,dynamic,64,500000,24,1,1,2.304140,1562975025
A,omp,dynamic,64,500000,24,1,2,2.233814,1562975025
A,omp,dynamic,64,500000,24,1,3,2.264537,1562975025
A,omp,guided,1,500000,24,1,1,2.233397,1562975025
A,omp,guided,1,500000,24,1,2,2.276008,1562975025
A,omp,guided,1,500000,24,1,3,2.230430,1562975025
A,omp,guided,4,500000,24,1,1,2.236956,1562975025
A,omp,guided,4,500000,24,1,2,2.265300,1562975025
A,omp,guided,4,500000,24,1,3,2.266681,1562975025
A,omp,guided,16,500000,24,1,1,2.238670,1562975025
A,omp,guided,16,500000,24,1,2,2.233709,1562975025
A,omp,guided,16,500000,24,1,3,2.265260,1562975025
A,omp,guided,64,500000,24,1,1,2.236537,1562975025
A,omp,guided,64,500000,24,1,2,2.233909,1562975025
A,omp,guided,64,500000,24,1,3,2.227585,1562975025
A,omp,static,0,500000,24,2,1,1.173521,1562975025
A,omp,static,0,500000,24,2,2,1.173483,1562975025
A,omp,static,0,500000,24,2,3,1.142073,1562975025
A,omp,dynamic,1,500000,24,2,1,1.143658,1562975025
A,omp,dynamic,1,500000,24,2,2,1.147628,1562975025
A,omp,dynamic,1,500000,24,2,3,1.143063,1562975025
A,omp,dynamic,4,500000,24,2,1,1.176400,1562975025
A,omp,dynamic,4,500000,24,2,2,1.141565,1562975025
A,omp,dynamic,4,500000,24,2,3,1.139139,1562975025
A,omp,dynamic,16,500000,24,2,1,1.172351,1562975025
A,omp,dynamic,16,500000,24,2,2,1.175067,1562975025
A,omp,dynamic,16,500000,24,2,3,1.142926,1562975025
A,omp,dynamic,64,500000,24,2,1,1.143225,1562975025
A,omp,dynamic,64,500000,24,2,2,1.143026,1562975025
A,omp,dynamic,64,500000,24,2,3,1.180279,1562975025
A,omp,guided,1,500000,24,2,1,1.142799,1562975025
A,omp,guided,1,500000,24,2,2,1.143142,1562975025
A,omp,guided,1,500000,24,2,3,1.143254,1562975025
A,omp,guided,4,500000,24,2,1,1.175056,1562975025
A,omp,guided,4,500000,24,2,2,1.142627,1562975025
A,omp,guided,4,500000,24,2,3,1.179531,1562975025
A,omp,guided,16,500000,24,2,1,1.143753,1562975025
A,omp,guided,16,500000,24,2,2,1.142365,1562975025
A,omp,guided,16,500000,24,2,3,1.154236,1562975025
A,omp,guided,64,500000,24,2,1,1.145409,1562975025
A,omp,guided,64,500000,24,2,2,1.206213,1562975025
A,omp,guided,64,500000,24,2,3,1.172325,1562975025
A,omp,static,0,500000,24,4,1,0.595585,1562975025
A,omp,static,0,500000,24,4,2,0.601410,1562975025
A,omp,static,0,500000,24,4,3,0.593651,1562975025
A,omp,dynamic,1,500000,24,4,1,0.604966,1562975025
A,omp,dynamic,1,500000,24,4,2,0.605923,1562975025
A,omp,dynamic,1,500000,24,4,3,0.604797,1562975025
A,omp,dynamic,4,500000,24,4,1,0.614211,1562975025
A,omp,dynamic,4,500000,24,4,2,0.611599,1562975025
A,omp,dynamic,4,500000,24,4,3,0.646957,1562975025
A,omp,dynamic,16,500000,24,4,1,0.617401,1562975025
A,omp,dynamic,16,500000,24,4,2,0.644025,1562975025
A,omp,dynamic,16,500000,24,4,3,0.611287,1562975025
A,omp,dynamic,64,500000,24,4,1,0.613733,1562975025
A,omp,dynamic,64,500000,24,4,2,0.616527,1562975025
A,omp,dynamic,64,500000,24,4,3,0.612205,1562975025
A,omp,guided,1,500000,24,4,1,0.613800,1562975025
A,omp,guided,1,500000,24,4,2,0.621016,1562975025
A,omp,guided,1,500000,24,4,3,0.617068,1562975025
A,omp,guided,4,500000,24,4,1,0.616647,1562975025
A,omp,guided,4,500000,24,4,2,0.657186,1562975025
A,omp,guided,4,500000,24,4,3,0.619410,1562975025
A,omp,guided,16,500000,24,4,1,0.620095,1562975025
A,omp,guided,16,500000,24,4,2,0.621072,1562975025
A,omp,guided,16,500000,24,4,3,0.621793,1562975025
A,omp,guided,64,500000,24,4,1,0.621939,1562975025
A,omp,guided,64,500000,24,4,2,0.632291,1562975025
A,omp,guided,64,500000,24,4,3,0.622327,1562975025
A,omp,static,0,500000,24,8,1,0.465704,1562975025
A,omp,static,0,500000,24,8,2,0.459427,1562975025
A,omp,static,0,500000,24,8,3,0.468623,1562975025
A,omp,dynamic,1,500000,24,8,1,0.459223,1562975025
A,omp,dynamic,1,500000,24,8,2,0.456987,1562975025
A,omp,dynamic,1,500000,24,8,3,0.484301,1562975025
A,omp,dynamic,4,500000,24,8,1,0.460512,1562975025
A,omp,dynamic,4,500000,24,8,2,0.484744,1562975025
A,omp,dynamic,4,500000,24,8,3,0.492737,1562975025
A,omp,dynamic,16,500000,24,8,1,0.459912,1562975025
A,omp,dynamic,16,500000,24,8,2,0.456654,1562975025
A,omp,dynamic,16,500000,24,8,3,0.463708,1562975025
A,omp,dynamic,64,500000,24,8,1,0.464904,1562975025
A,omp,dynamic,64,500000,24,8,2,0.464333,1562975025
A,omp,dynamic,64,500000,24,8,3,0.457991,1562975025
A,omp,guided,1,500000,24,8,1,0.469944,1562975025
A,omp,guided,1,500000,24,8,2,0.463630,1562975025
A,omp,guided,1,500000,24,8,3,0.472691,1562975025
A,omp,guided,4,500000,24,8,1,0.488221,1562975025
A,omp,guided,4,500000,24,8,2,0.474519,1562975025
A,omp,guided,4,500000,24,8,3,0.492211,1562975025
A,omp,guided,16,500000,24,8,1,0.468329,1562975025
A,omp,guided,16,500000,24,8,2,0.465328,1562975025
A,omp,guided,16,500000,24,8,3,0.504337,1562975025
A,omp,guided,64,500000,24,8,1,0.459047,1562975025
A,omp,guided,64,500000,24,8,2,0.472120,1562975025
A,omp,guided,64,500000,24,8,3,0.462538,1562975025
A,omp,static,0,500000,24,16,1,0.483032,1562975025
A,omp,static,0,500000,24,16,2,0.511916,1562975025
A,omp,static,0,500000,24,16,3,0.468036,1562975025
A,omp,dynamic,1,500000,24,16,1,0.457875,1562975025
A,omp,dynamic,1,500000,24,16,2,0.460468,1562975025
A,omp,dynamic,1,500000,24,16,3,0.470516,1562975025
A,omp,dynamic,4,500000,24,16,1,0.474989,1562975025
A,omp,dynamic,4,500000,24,16,2,0.465668,1562975025
A,omp,dynamic,4,500000,24,16,3,0.461762,1562975025
A,omp,dynamic,16,500000,24,16,1,0.469875,1562975025
A,omp,dynamic,16,500000,24,16,2,0.472872,1562975025
A,omp,dynamic,16,500000,24,16,3,0.487940,1562975025
A,omp,dynamic,64,500000,24,16,1,0.508584,1562975025
A,omp,dynamic,64,500000,24,16,2,0.468921,1562975025
A,omp,dynamic,64,500000,24,16,3,0.468529,1562975025
A,omp,guided,1,500000,24,16,1,0.476289,1562975025
A,omp,guided,1,500000,24,16,2,0.476550,1562975025
A,omp,guided,1,500000,24,16,3,0.469039,1562975025
A,omp,guided,4,500000,24,16,1,0.470817,1562975025
A,omp,guided,4,500000,24,16,2,0.470661,1562975025
A,omp,guided,4,500000,24,16,3,0.469061,1562975025
A,omp,guided,16,500000,24,16,1,0.485220,1562975025
A,omp,guided,16,500000,24,16,2,0.480394,1562975025
A,omp,guided,16,500000,24,16,3,0.478918,1562975025
A,omp,guided,64,500000,24,16,1,0.471770,1562975025
A,omp,guided,64,500000,24,16,2,0.483655,1562975025
A,omp,guided,64,500000,24,16,3,0.475626,1562975025
A,omp,static,0,500000,28,1,1,13.025964,9182569400
A,omp,static,0,500000,28,1,2,13.019941,9182569400
A,omp,static,0,500000,28,1,3,12.948589,9182569400
A,omp,dynamic,1,500000,28,1,1,12.949435,9182569400
A,omp,dynamic,1,500000,28,1,2,12.938431,9182569400
A,omp,dynamic,1,500000,28,1,3,12.960011,9182569400
A,omp,dynamic,4,500000,28,1,1,13.001424,9182569400
A,omp,dynamic,4,500000,28,1,2,12.950768,9182569400
A,omp,dynamic,4,500000,28,1,3,12.982634,9182569400
A,omp,dynamic,16,500000,28,1,1,12.984342,9182569400
A,omp,dynamic,16,500000,28,1,2,12.985325,9182569400
A,omp,dynamic,16,500000,28,1,3,12.974860,9182569400
A,omp,dynamic,64,500000,28,1,1,13.019029,9182569400
A,omp,dynamic,64,500000,28,1,2,12.938892,9182569400
A,omp,dynamic,64,500000,28,1,3,12.961524,9182569400
A,omp,guided,1,500000,28,1,1,12.996071,9182569400
A,omp,guided,1,500000,28,1,2,12.988827,9182569400
A,omp,guided,1,500000,28,1,3,13.030409,9182569400
A,omp,guided,4,500000,28,1,1,13.040247,9182569400
A,omp,guided,4,500000,28,1,2,12.992809,9182569400
A,omp,guided,4,500000,28,1,3,12.943008,9182569400
A,omp,guided,16,500000,28,1,1,12.977619,9182569400
A,omp,guided,16,500000,28,1,2,13.017525,9182569400
A,omp,guided,16,500000,28,1,3,12.985998,9182569400
A,omp,guided,64,500000,28,1,1,13.014874,9182569400
A,omp,guided,64,500000,28,1,2,13.028180,9182569400
A,omp,guided,64,500000,28,1,3,12.978979,9182569400
A,omp,static,0,500000,28,2,1,6.605858,9182569400
A,omp,static,0,500000,28,2,2,6.683955,9182569400
A,omp,static,0,500000,28,2,3,6.634725,9182569400
A,omp,dynamic,1,500000,28,2,1,6.669453,9182569400
A,omp,dynamic,1,500000,28,2,2,6.675639,9182569400
A,omp,dynamic,1,500000,28,2,3,6.634413,9182569400
A,omp,dynamic,4,500000,28,2,1,6.637232,9182569400
A,omp,dynamic,4,500000,28,2,2,6.638398,9182569400
A,omp,dynamic,4,500000,28,2,3,6.631041,9182569400
A,omp,dynamic,16,500000,28,2,1,6.663354,9182569400
A,omp,dynamic,16,500000,28,2,2,6.680364,9182569400
A,omp,dynamic,16,500000,28,2,3,6.623602,9182569400
A,omp,dynamic,64,500000,28,2,1,6.640102,9182569400
A,omp,dynamic,64,500000,28,2,2,6.688588,9182569400
A,omp,dynamic,64,500000,28,2,3,6.638659,9182569400
A,omp,guided,1,500000,28,2,1,6.707815,9182569400
A,omp,guided,1,500000,28,2,2,6.635529,9182569400
A,omp,guided,1,500000,28,2,3,6.646487,9182569400
A,omp,guided,4,500000,28,2,1,6.597744,9182569400
A,omp,guided,4,500000,28,2,2,6.631973,9182569400
A,omp,guided,4,500000,28,2,3,6.627478,9182569400
A,omp,guided,16,500000,28,2,1,6.801100,9182569400
A,omp,guided,16,500000,28,2,2,6.990737,9182569400
A,omp,guided,16,500000,28,2,3,7.037044,9182569400
A,omp,guided,64,500000,28,2,1,7.190858,9182569400
A,omp,guided,64,500000,28,2,2,7.319254,9182569400
A,omp,guided,64,500000,28,2,3,7.546485,9182569400
A,omp,static,0,500000,28,4,1,4.881398,9182569400
A,omp,static,0,500000,28,4,2,5.136902,9182569400
A,omp,static,0,500000,28,4,3,5.215201,9182569400
A,omp,dynamic,1,500000,28,4,1,5.465495,9182569400
A,omp,dynamic,1,500000,28,4,2,5.564006,9182569400
A,omp,dynamic,1,500000,28,4,3,5.653605,9182569400
A,omp,dynamic,4,500000,28,4,1,5.838887,9182569400
A,omp,dynamic,4,500000,28,4,2,5.971149,9182569400
A,omp,dynamic,4,500000,28,4,3,6.188742,9182569400
A,omp,dynamic,16,500000,28,4,1,6.301301,9182569400
A,omp,dynamic,16,500000,28,4,2,6.425010,9182569400
A,omp,dynamic,16,500000,28,4,3,6.508450,9182569400
A,omp,dynamic,64,500000,28,4,1,6.504719,9182569400
A,omp,dynamic,64,500000,28,4,2,6.605221,9182569400
A,omp,dynamic,64,500000,28,4,3,6.516062,9182569400
A,omp,guided,1,500000,28,4,1,6.515891,9182569400
A,omp,guided,1,500000,28,4,2,6.309583,9182569400
A,omp,guided,1,500000,28,4,3,6.267286,9182569400
A,omp,guided,4,500000,28,4,1,6.195253,9182569400
A,omp,guided,4,500000,28,4,2,6.021526,9182569400
A,omp,guided,4,500000,28,4,3,6.105712,9182569400
A,omp,guided,16,500000,28,4,1,5.934187,9182569400
A,omp,guided,16,500000,28,4,2,5.817152,9182569400
A,omp,guided,16,500000,28,4,3,5.789062,9182569400
A,omp,guided,64,500000,28,4,1,5.676202,9182569400
A,omp,guided,64,500000,28,4,2,5.651623,9182569400
A,omp,guided,64,500000,28,4,3,5.554073,9182569400
A,omp,static,0,500000,28,8,1,4.090202,9182569400
A,omp,static,0,500000,28,8,2,4.092633,9182569400
A,omp,static,0,500000,28,8,3,4.058085,9182569400
A,omp,dynamic,1,500000,28,8,1,4.046671,9182569400
A,omp,dynamic,1,500000,28,8,2,4.005880,9182569400
A,omp,dynamic,1,500000,28,8,3,4.058236,9182569400
A,omp,dynamic,4,500000,28,8,1,4.153706,9182569400
A,omp,dynamic,4,500000,28,8,2,3.950408,9182569400
A,omp,dynamic,4,500000,28,8,3,4.025042,9182569400
A,omp,dynamic,16,500000,28,8,1,4.054855,9182569400
A,omp,dynamic,16,500000,28,8,2,4.023946,9182569400
A,omp,dynamic,16,500000,28,8,3,4.037217,9182569400
A,omp,dynamic,64,500000,28,8,1,4.004823,9182569400
A,omp,dynamic,64,500000,28,8,2,4.009358,9182569400
A,omp,dynamic,64,500000,28,8,3,4.049856,9182569400
A,omp,guided,1,500000,28,8,1,4.081295,9182569400
A,omp,guided,1,500000,28,8,2,4.095375,9182569400
A,omp,guided,1,500000,28,8,3,4.067855,9182569400
A,omp,guided,4,500000,28,8,1,4.122382,9182569400
A,omp,guided,4,500000,28,8,2,4.053811,9182569400
A,omp,guided,4,500000,28,8,3,4.010773,9182569400
A,omp,guided,16,500000,28,8,1,4.140775,9182569400
A,omp,guided,16,500000,28,8,2,4.129941,9182569400
A,omp,guided,16,500000,28,8,3,3.950230,9182569400
A,omp,guided,64,500000,28,8,1,4.102989,9182569400
A,omp,guided,64,500000,28,8,2,4.062348,9182569400
A,omp,guided,64,500000,28,8,3,4.222490,9182569400
A,omp,static,0,500000,28,16,1,4.166528,9182569400
A,omp,static,0,500000,28,16,2,4.147407,9182569400
A,omp,static,0,500000,28,16,3,4.093782,9182569400
A,omp,dynamic,1,500000,28,16,1,4.168103,9182569400
A,omp,dynamic,1,500000,28,16,2,4.237683,9182569400
A,omp,dynamic,1,500000,28,16,3,4.234718,9182569400
A,omp,dynamic,4,500000,28,16,1,4.142011,9182569400
A,omp,dynamic,4,500000,28,16,2,4.140335,9182569400
A,omp,dynamic,4,500000,28,16,3,4.169933,9182569400
A,omp,dynamic,16,500000,28,16,1,4.133746,9182569400
A,omp,dynamic,16,500000,28,16,2,4.138630,9182569400
A,omp,dynamic,16,500000,28,16,3,4.103353,9182569400
A,omp,dynamic,64,500000,28,16,1,4.268785,9182569400
A,omp,dynamic,64,500000,28,16,2,4.057555,9182569400
A,omp,dynamic,64,500000,28,16,3,4.171592,9182569400
A,omp,guided,1,500000,28,16,1,4.159786,9182569400
A,omp,guided,1,500000,28,16,2,4.221728,9182569400
A,omp,guided,1,500000,28,16,3,4.204467,9182569400
A,omp,guided,4,500000,28,16,1,4.175996,9182569400
A,omp,guided,4,500000,28,16,2,4.239542,9182569400
A,omp,guided,4,500000,28,16,3,4.181524,9182569400
A,omp,guided,16,500000,28,16,1,4.164007,9182569400
A,omp,guided,16,500000,28,16,2,4.173569,9182569400
A,omp,guided,16,500000,28,16,3,4.178626,9182569400
A,omp,guided,64,500000,28,16,1,4.230579,9182569400
A,omp,guided,64,500000,28,16,2,4.248641,9182569400
A,omp,guided,64,500000,28,16,3,4.167997,9182569400
A,omp,static,0,1000000,20,1,1,1.097072,547250000
A,omp,static,0,1000000,20,1,2,0.808411,547250000
A,omp,static,0,1000000,20,1,3,0.797505,547250000
A,omp,dynamic,1,1000000,20,1,1,0.799836,547250000
A,omp,dynamic,1,1000000,20,1,2,0.788009,547250000
A,omp,dynamic,1,1000000,20,1,3,0.825708,547250000
A,omp,dynamic,4,1000000,20,1,1,0.823359,547250000
A,omp,dynamic,4,1000000,20,1,2,0.851783,547250000
A,omp,dynamic,4,1000000,20,1,3,0.801177,547250000
A,omp,dynamic,16,1000000,20,1,1,0.809918,547250000
A,omp,dynamic,16,1000000,20,1,2,0.801005,547250000
A,omp,dynamic,16,1000000,20,1,3,0.835389,547250000
A,omp,dynamic,64,1000000,20,1,1,0.825342,547250000
A,omp,dynamic,64,1000000,20,1,2,0.882371,547250000
A,omp,dynamic,64,1000000,20,1,3,0.893540,547250000
A,omp,guided,1,1000000,20,1,1,0.875368,547250000
A,omp,guided,1,1000000,20,1,2,0.872919,547250000
A,omp,guided,1,1000000,20,1,3,0.849749,547250000
A,omp,guided,4,1000000,20,1,1,0.824033,547250000
A,omp,guided,4,1000000,20,1,2,0.815281,547250000
A,omp,guided,4,1000000,20,1,3,0.806324,547250000
A,omp,guided,16,1000000,20,1,1,0.818543,547250000
A,omp,guided,16,1000000,20,1,2,0.806038,547250000
A,omp,guided,16,1000000,20,1,3,0.807884,547250000
A,omp,guided,64,1000000,20,1,1,0.819207,547250000
A,omp,guided,64,1000000,20,1,2,0.806170,547250000
A,omp,guided,64,1000000,20,1,3,0.809533,547250000
A,omp,static,0,1000000,20,2,1,0.479382,547250000
A,omp,static,0,1000000,20,2,2,0.481087,547250000
A,omp,static,0,1000000,20,2,3,0.488858,547250000
A,omp,dynamic,1,1000000,20,2,1,0.512964,547250000
A,omp,dynamic,1,1000000,20,2,2,0.506020,547250000
A,omp,dynamic,1,1000000,20,2,3,0.503939,547250000
A,omp,dynamic,4,1000000,20,2,1,0.489560,547250000
A,omp,dynamic,4,1000000,20,2,2,0.495947,547250000
A,omp,dynamic,4,1000000,20,2,3,0.487548,547250000
A,omp,dynamic,16,1000000,20,2,1,0.484897,547250000
A,omp,dynamic,16,1000000,20,2,2,0.490497,547250000
A,omp,dynamic,16,1000000,20,2,3,0.493617,547250000
A,omp,dynamic,64,1000000,20,2,1,0.485704,547250000
A,omp,dynamic,64,1000000,20,2,2,0.488164,547250000
A,omp,dynamic,64,1000000,20,2,3,0.546370,547250000
A,omp,guided,1,1000000,20,2,1,0.500287,547250000
A,omp,guided,1,1000000,20,2,2,0.488814,547250000
A,omp,guided,1,1000000,20,2,3,0.482920,547250000
A,omp,guided,4,1000000,20,2,1,0.480396,547250000
A,omp,guided,4,1000000,20,2,2,0.486964,547250000
A,omp,guided,4,1000000,20,2,3,0.482510,547250000
A,omp,guided,16,1000000,20,2,1,0.480756,547250000
A,omp,guided,16,1000000,20,2,2,0.480046,547250000
A,omp,guided,16,1000000,20,2,3,0.484916,547250000
A,omp,guided,64,1000000,20,2,1,0.509499,547250000
A,omp,guided,64,1000000,20,2,2,0.483602,547250000
A,omp,guided,64,1000000,20,2,3,0.479624,547250000
A,omp,static,0,1000000,20,4,1,0.269780,547250000
A,omp,static,0,1000000,20,4,2,0.309602,547250000
A,omp,static,0,1000000,20,4,3,0.322804,547250000
A,omp,dynamic,1,1000000,20,4,1,0.322814,547250000
A,omp,dynamic,1,1000000,20,4,2,0.324429,547250000
A,omp,dynamic,1,1000000,20,4,3,0.326594,547250000
A,omp,dynamic,4,1000000,20,4,1,0.318761,547250000
A,omp,dynamic,4,1000000,20,4,2,0.322627,547250000
A,omp,dynamic,4,1000000,20,4,3,0.321435,547250000
A,omp,dynamic,16,1000000,20,4,1,0.317189,547250000
A,omp,dynamic,16,1000000,20,4,2,0.322407,547250000
A,omp,dynamic,16,1000000,20,4,3,0.319324,547250000
A,omp,dynamic,64,1000000,20,4,1,0.391658,547250000
A,omp,dynamic,64,1000000,20,4,2,0.321912,547250000
A,omp,dynamic,64,1000000,20,4,3,0.321072,547250000
A,omp,guided,1,1000000,20,4,1,0.315824,547250000
A,omp,guided,1,1000000,20,4,2,0.315734,547250000
A,omp,guided,1,1000000,20,4,3,0.316166,547250000
A,omp,guided,4,1000000,20,4,1,0.313393,547250000
A,omp,guided,4,1000000,20,4,2,0.314503,547250000
A,omp,guided,4,1000000,20,4,3,0.323653,547250000
A,omp,guided,16,1000000,20,4,1,0.313646,547250000
A,omp,guided,16,1000000,20,4,2,0.313772,547250000
A,omp,guided,16,1000000,20,4,3,0.313996,547250000
A,omp,guided,64,1000000,20,4,1,0.314274,547250000
A,omp,guided,64,1000000,20,4,2,0.315628,547250000
A,omp,guided,64,1000000,20,4,3,0.322409,547250000
A,omp,static,0,1000000,20,8,1,0.206492,547250000
A,omp,static,0,1000000,20,8,2,0.211272,547250000
A,omp,static,0,1000000,20,8,3,0.223995,547250000
A,omp,dynamic,1,1000000,20,8,1,0.266675,547250000
A,omp,dynamic,1,1000000,20,8,2,0.221837,547250000
A,omp,dynamic,1,1000000,20,8,3,0.222695,547250000
A,omp,dynamic,4,1000000,20,8,1,0.215120,547250000
A,omp,dynamic,4,1000000,20,8,2,0.219508,547250000
A,omp,dynamic,4,1000000,20,8,3,0.225734,547250000
A,omp,dynamic,16,1000000,20,8,1,0.214784,547250000
A,omp,dynamic,16,1000000,20,8,2,0.215790,547250000
A,omp,dynamic,16,1000000,20,8,3,0.215840,547250000
A,omp,dynamic,64,1000000,20,8,1,0.220517,547250000
A,omp,dynamic,64,1000000,20,8,2,0.211736,547250000
A,omp,dynamic,64,1000000,20,8,3,0.216385,547250000
A,omp,guided,1,1000000,20,8,1,0.216401,547250000
A,omp,guided,1,1000000,20,8,2,0.223723,547250000
A,omp,guided,1,1000000,20,8,3,0.240439,547250000
A,omp,guided,4,1000000,20,8,1,0.237429,547250000
A,omp,guided,4,1000000,20,8,2,0.277664,547250000
A,omp,guided,4,1000000,20,8,3,0.231031,547250000
A,omp,guided,16,1000000,20,8,1,0.227159,547250000
A,omp,guided,16,1000000,20,8,2,0.222804,547250000
A,omp,guided,16,1000000,20,8,3,0.224409,547250000
A,omp,guided,64,1000000,20,8,1,0.257247,547250000
A,omp,guided,64,1000000,20,8,2,0.249707,547250000
A,omp,guided,64,1000000,20,8,3,0.229830,547250000
A,omp,static,0,1000000,20,16,1,0.229029,547250000
A,omp,static,0,1000000,20,16,2,0.246363,547250000
A,omp,static,0,1000000,20,16,3,0.216834,547250000
A,omp,dynamic,1,1000000,20,16,1,0.230258,547250000
A,omp,dynamic,1,1000000,20,16,2,0.229628,547250000
A,omp,dynamic,1,1000000,20,16,3,0.236843,547250000
A,omp,dynamic,4,1000000,20,16,1,0.232455,547250000
A,omp,dynamic,4,1000000,20,16,2,0.227575,547250000
A,omp,dynamic,4,1000000,20,16,3,0.227685,547250000
A,omp,dynamic,16,1000000,20,16,1,0.221728,547250000
A,omp,dynamic,16,1000000,20,16,2,0.220939,547250000
A,omp,dynamic,16,1000000,20,16,3,0.236704,547250000
A,omp,dynamic,64,1000000,20,16,1,0.231556,547250000
A,omp,dynamic,64,1000000,20,16,2,0.230042,547250000
A,omp,dynamic,64,1000000,20,16,3,0.223295,547250000
A,omp,guided,1,1000000,20,16,1,0.242374,547250000
A,omp,guided,1,1000000,20,16,2,0.219874,547250000
A,omp,guided,1,1000000,20,16,3,0.223918,547250000
A,omp,guided,4,1000000,20,16,1,0.275734,547250000
A,omp,guided,4,1000000,20,16,2,0.230440,547250000
A,omp,guided,4,1000000,20,16,3,0.223249,547250000
A,omp,guided,16,1000000,20,16,1,0.231101,547250000
A,omp,guided,16,1000000,20,16,2,0.256945,547250000
A,omp,guided,16,1000000,20,16,3,0.214225,547250000
A,omp,guided,64,1000000,20,16,1,0.224116,547250000
A,omp,guided,64,1000000,20,16,2,0.217784,547250000
A,omp,guided,64,1000000,20,16,3,0.223667,547250000
A,omp,static,0,1000000,24,1,1,4.967491,3125951580
A,omp,static,0,1000000,24,1,2,4.619616,3125951580
A,omp,static,0,1000000,24,1,3,4.709592,3125951580
A,omp,dynamic,1,1000000,24,1,1,4.739388,3125951580
A,omp,dynamic,1,1000000,24,1,2,4.717605,3125951580
A,omp,dynamic,1,1000000,24,1,3,4.606474,3125951580
A,omp,dynamic,4,1000000,24,1,1,4.672331,3125951580
A,omp,dynamic,4,1000000,24,1,2,4.546247,3125951580
A,omp,dynamic,4,1000000,24,1,3,4.465652,3125951580
A,omp,dynamic,16,1000000,24,1,1,4.461548,3125951580
A,omp,dynamic,16,1000000,24,1,2,4.468108,3125951580
A,omp,dynamic,16,1000000,24,1,3,4.454568,3125951580
A,omp,dynamic,64,1000000,24,1,1,4.503401,3125951580
A,omp,dynamic,64,1000000,24,1,2,4.453188,3125951580
A,omp,dynamic,64,1000000,24,1,3,4.479613,3125951580
A,omp,guided,1,1000000,24,1,1,4.461615,3125951580
A,omp,guided,1,1000000,24,1,2,4.457040,3125951580
A,omp,guided,1,1000000,24,1,3,4.476516,3125951580
A,omp,guided,4,1000000,24,1,1,4.497563,3125951580
A,omp,guided,4,1000000,24,1,2,4.454526,3125951580
A,omp,guided,4,1000000,24,1,3,4.469875,3125951580
A,omp,guided,16,1000000,24,1,1,4.459721,3125951580
A,omp,guided,16,1000000,24,1,2,4.472441,3125951580
A,omp,guided,16,1000000,24,1,3,4.473030,3125951580
A,omp,guided,64,1000000,24,1,1,4.507585,3125951580
A,omp,guided,64,1000000,24,1,2,4.485414,3125951580
A,omp,guided,64,1000000,24,1,3,4.474090,3125951580
A,omp,static,0,1000000,24,2,1,2.282235,3125951580
A,omp,static,0,1000000,24,2,2,2.307518,3125951580
A,omp,static,0,1000000,24,2,3,2.406939,3125951580
A,omp,dynamic,1,1000000,24,2,1,2.540194,3125951580
A,omp,dynamic,1,1000000,24,2,2,2.581077,3125951580
A,omp,dynamic,1,1000000,24,2,3,2.624423,3125951580
A,omp,dynamic,4,1000000,24,2,1,2.637252,3125951580
A,omp,dynamic,4,1000000,24,2,2,2.702452,3125951580
A,omp,dynamic,4,1000000,24,2,3,2.679118,3125951580
A,omp,dynamic,16,1000000,24,2,1,2.704258,3125951580
A,omp,dynamic,16,1000000,24,2,2,2.705216,3125951580
A,omp,dynamic,16,1000000,24,2,3,2.790427,3125951580
A,omp,dynamic,64,1000000,24,2,1,2.730592,3125951580
A,omp,dynamic,64,1000000,24,2,2,2.749136,3125951580
A,omp,dynamic,64,1000000,24,2,3,2.763004,3125951580
A,omp,guided,1,1000000,24,2,1,2.746575,3125951580
A,omp,guided,1,1000000,24,2,2,2.737334,3125951580
A,omp,guided,1,1000000,24,2,3,2.752703,3125951580
A,omp,guided,4,1000000,24,2,1,2.726228,3125951580
A,omp,guided,4,1000000,24,2,2,2.716806,3125951580
A,omp,guided,4,1000000,24,2,3,2.747702,3125951580
A,omp,guided,16,1000000,24,2,1,2.770160,3125951580
A,omp,guided,16,1000000,24,2,2,2.715388,3125951580
A,omp,guided,16,1000000,24,2,3,2.707150,3125951580
A,omp,guided,64,1000000,24,2,1,2.760755,3125951580
A,omp,guided,64,1000000,24,2,2,2.756039,3125951580
A,omp,guided,64,1000000,24,2,3,2.714388,3125951580
A,omp,static,0,1000000,24,4,1,1.769513,3125951580
A,omp,static,0,1000000,24,4,2,1.793775,3125951580
A,omp,static,0,1000000,24,4,3,1.772617,3125951580
A,omp,dynamic,1,1000000,24,4,1,1.774898,3125951580
A,omp,dynamic,1,1000000,24,4,2,1.774534,3125951580
A,omp,dynamic,1,1000000,24,4,3,1.752033,3125951580
A,omp,dynamic,4,1000000,24,4,1,1.833925,3125951580
A,omp,dynamic,4,1000000,24,4,2,1.763835,3125951580
A,omp,dynamic,4,1000000,24,4,3,1.755611,3125951580
A,omp,dynamic,16,1000000,24,4,1,1.767048,3125951580
A,omp,dynamic,16,1000000,24,4,2,1.765919,3125951580
A,omp,dynamic,16,1000000,24,4,3,1.795469,3125951580
A,omp,dynamic,64,1000000,24,4,1,1.800708,3125951580
A,omp,dynamic,64,1000000,24,4,2,1.904231,3125951580
A,omp,dynamic,64,1000000,24,4,3,1.969509,3125951580
A,omp,guided,1,1000000,24,4,1,1.861483,3125951580
A,omp,guided,1,1000000,24,4,2,1.814930,3125951580
A,omp,guided,1,1000000,24,4,3,1.788339,3125951580
A,omp,guided,4,1000000,24,4,1,1.785902,3125951580
A,omp,guided,4,1000000,24,4,2,1.785402,3125951580
A,omp,guided,4,1000000,24,4,3,1.806660,3125951580
A,omp,guided,16,1000000,24,4,1,1.818455,3125951580
A,omp,guided,16,1000000,24,4,2,1.813071,3125951580
A,omp,guided,16,1000000,24,4,3,1.793855,3125951580
A,omp,guided,64,1000000,24,4,1,1.796764,3125951580
A,omp,guided,64,1000000,24,4,2,1.790043,3125951580
A,omp,guided,64,1000000,24,4,3,1.800609,3125951580
A,omp,static,0,1000000,24,8,1,1.300737,3125951580
A,omp,static,0,1000000,24,8,2,1.347487,3125951580
A,omp,static,0,1000000,24,8,3,1.432086,3125951580
A,omp,dynamic,1,1000000,24,8,1,1.309136,3125951580
A,omp,dynamic,1,1000000,24,8,2,1.349201,3125951580
A,omp,dynamic,1,1000000,24,8,3,1.333501,3125951580
A,omp,dynamic,4,1000000,24,8,1,1.304799,3125951580
A,omp,dynamic,4,1000000,24,8,2,1.295226,3125951580
A,omp,dynamic,4,1000000,24,8,3,1.318859,3125951580
A,omp,dynamic,16,1000000,24,8,1,1.348226,3125951580
A,omp,dynamic,16,1000000,24,8,2,1.311580,3125951580
A,omp,dynamic,16,1000000,24,8,3,1.335367,3125951580
A,omp,dynamic,64,1000000,24,8,1,1.361836,3125951580
A,omp,dynamic,64,1000000,24,8,2,1.351389,3125951580
A,omp,dynamic,64,1000000,24,8,3,1.356273,3125951580
A,omp,guided,1,1000000,24,8,1,1.383866,3125951580
A,omp,guided,1,1000000,24,8,2,1.387395,3125951580
A,omp,guided,1,1000000,24,8,3,1.349371,3125951580
A,omp,guided,4,1000000,24,8,1,1.382751,3125951580
A,omp,guided,4,1000000,24,8,2,1.356199,3125951580
A,omp,guided,4,1000000,24,8,3,1.357153,3125951580
A,omp,guided,16,1000000,24,8,1,1.385922,3125951580
A,omp,guided,16,1000000,24,8,2,1.407482,3125951580
A,omp,guided,16,1000000,24,8,3,1.377378,3125951580
A,omp,guided,64,1000000,24,8,1,1.382004,3125951580
A,omp,guided,64,1000000,24,8,2,1.388004,3125951580
A,omp,guided,64,1000000,24,8,3,1.354624,3125951580
A,omp,static,0,1000000,24,16,1,1.398722,3125951580
A,omp,static,0,1000000,24,16,2,1.403487,3125951580
A,omp,static,0,1000000,24,16,3,1.383614,3125951580
A,omp,dynamic,1,1000000,24,16,1,1.438065,3125951580
A,omp,dynamic,1,1000000,24,16,2,1.378051,3125951580
A,omp,dynamic,1,1000000,24,16,3,1.382221,3125951580
A,omp,dynamic,4,1000000,24,16,1,1.524258,3125951580
A,omp,dynamic,4,1000000,24,16,2,1.475356,3125951580
A,omp,dynamic,4,1000000,24,16,3,1.394526,3125951580
A,omp,dynamic,16,1000000,24,16,1,1.426900,3125951580
A,omp,dynamic,16,1000000,24,16,2,1.471677,3125951580
A,omp,dynamic,16,1000000,24,16,3,1.374186,3125951580
A,omp,dynamic,64,1000000,24,16,1,1.432394,3125951580
A,omp,dynamic,64,1000000,24,16,2,1.415214,3125951580
A,omp,dynamic,64,1000000,24,16,3,1.401790,3125951580
A,omp,guided,1,1000000,24,16,1,1.387725,3125951580
A,omp,guided,1,1000000,24,16,2,1.401897,3125951580
A,omp,guided,1,1000000,24,16,3,1.484867,3125951580
A,omp,guided,4,1000000,24,16,1,1.417940,3125951580
A,omp,guided,4,1000000,24,16,2,1.414891,3125951580
A,omp,guided,4,1000000,24,16,3,1.416745,3125951580
A,omp,guided,16,1000000,24,16,1,1.421757,3125951580
A,omp,guided,16,1000000,24,16,2,1.389495,3125951580
A,omp,guided,16,1000000,24,16,3,1.418404,3125951580
A,omp,guided,64,1000000,24,16,1,1.462907,3125951580
A,omp,guided,64,1000000,24,16,2,1.400471,3125951580
A,omp,guided,64,1000000,24,16,3,1.436724,3125951580
A,omp,static,0,1000000,28,1,1,27.499794,18365138825
A,omp,static,0,1000000,28,1,2,26.179548,18365138825
A,omp,static,0,1000000,28,1,3,25.772535,18365138825
A,omp,dynamic,1,1000000,28,1,1,25.802605,18365138825
A,omp,dynamic,1,1000000,28,1,2,25.826309,18365138825
A,omp,dynamic,1,1000000,28,1,3,25.895911,18365138825
A,omp,dynamic,4,1000000,28,1,1,25.844380,18365138825
A,omp,dynamic,4,1000000,28,1,2,25.937473,18365138825
A,omp,dynamic,4,1000000,28,1,3,25.815013,18365138825
A,omp,dynamic,16,1000000,28,1,1,25.790567,18365138825
A,omp,dynamic,16,1000000,28,1,2,25.797705,18365138825
A,omp,dynamic,16,1000000,28,1,3,25.832665,18365138825
A,omp,dynamic,64,1000000,28,1,1,25.846808,18365138825
A,omp,dynamic,64,1000000,28,1,2,25.816868,18365138825
A,omp,dynamic,64,1000000,28,1,3,25.834839,18365138825
A,omp,guided,1,1000000,28,1,1,25.853216,18365138825
A,omp,guided,1,1000000,28,1,2,25.837845,18365138825
A,omp,guided,1,1000000,28,1,3,25.932324,18365138825
A,omp,guided,4,1000000,28,1,1,25.842015,18365138825
A,omp,guided,4,1000000,28,1,2,25.832646,18365138825
A,omp,guided,4,1000000,28,1,3,25.845455,18365138825
A,omp,guided,16,1000000,28,1,1,25.804997,18365138825
A,omp,guided,16,1000000,28,1,2,25.848763,18365138825
A,omp,guided,16,1000000,28,1,3,25.858761,18365138825
A,omp,guided,64,1000000,28,1,1,25.839977,18365138825
A,omp,guided,64,1000000,28,1,2,25.805439,18365138825
A,omp,guided,64,1000000,28,1,3,25.819456,18365138825
A,omp,static,0,1000000,28,2,1,13.217489,18365138825
A,omp,static,0,1000000,28,2,2,13.240978,18365138825
A,omp,static,0,1000000,28,2,3,13.369474,18365138825
A,omp,dynamic,1,1000000,28,2,1,13.760151,18365138825
A,omp,dynamic,1,1000000,28,2,2,14.248922,18365138825
A,omp,dynamic,1,1000000,28,2,3,14.756198,18365138825
A,omp,dynamic,4,1000000,28,2,1,15.247137,18365138825
A,omp,dynamic,4,1000000,28,2,2,15.846172,18365138825
A,omp,dynamic,4,1000000,28,2,3,16.200866,18365138825
A,omp,dynamic,16,1000000,28,2,1,16.623353,18365138825
A,omp,dynamic,16,1000000,28,2,2,17.148076,18365138825
A,omp,dynamic,16,1000000,28,2,3,16.255396,18365138825
A,omp,dynamic,64,1000000,28,2,1,15.629507,18365138825
A,omp,dynamic,64,1000000,28,2,2,15.201469,18365138825
A,omp,dynamic,64,1000000,28,2,3,14.818290,18365138825
A,omp,guided,1,1000000,28,2,1,15.385376,18365138825
A,omp,guided,1,1000000,28,2,2,14.522394,18365138825
A,omp,guided,1,1000000,28,2,3,14.503888,18365138825
A,omp,guided,4,1000000,28,2,1,14.614789,18365138825
A,omp,guided,4,1000000,28,2,2,14.715420,18365138825
A,omp,guided,4,1000000,28,2,3,14.733368,18365138825
A,omp,guided,16,1000000,28,2,1,14.694172,18365138825
A,omp,guided,16,1000000,28,2,2,14.667048,18365138825
A,omp,guided,16,1000000,28,2,3,14.618159,18365138825
A,omp,guided,64,1000000,28,2,1,14.528393,18365138825
A,omp,guided,64,1000000,28,2,2,14.453469,18365138825
A,omp,guided,64,1000000,28,2,3,14.397212,18365138825
A,omp,static,0,1000000,28,4,1,9.008525,18365138825
A,omp,static,0,1000000,28,4,2,8.965245,18365138825
A,omp,static,0,1000000,28,4,3,8.959407,18365138825
A,omp,dynamic,1,1000000,28,4,1,9.002876,18365138825
A,omp,dynamic,1,1000000,28,4,2,9.048806,18365138825
A,omp,dynamic,1,1000000,28,4,3,9.238269,18365138825
A,omp,dynamic,4,1000000,28,4,1,9.276583,18365138825
A,omp,dynamic,4,1000000,28,4,2,9.300358,18365138825
A,omp,dynamic,4,1000000,28,4,3,9.315911,18365138825
A,omp,dynamic,16,1000000,28,4,1,9.443126,18365138825
A,omp,dynamic,16,1000000,28,4,2,9.376676,18365138825
A,omp,dynamic,16,1000000,28,4,3,9.341542,18365138825
A,omp,dynamic,64,1000000,28,4,1,9.337757,18365138825
A,omp,dynamic,64,1000000,28,4,2,9.295097,18365138825
A,omp,dynamic,64,1000000,28,4,3,9.301429,18365138825
A,omp,guided,1,1000000,28,4,1,9.277095,18365138825
A,omp,guided,1,1000000,28,4,2,9.244960,18365138825
A,omp,guided,1,1000000,28,4,3,9.223565,18365138825
A,omp,guided,4,1000000,28,4,1,9.225505,18365138825
A,omp,guided,4,1000000,28,4,2,9.203972,18365138825
A,omp,guided,4,1000000,28,4,3,9.202901,18365138825
A,omp,guided,16,1000000,28,4,1,9.204378,18365138825
A,omp,guided,16,1000000,28,4,2,9.183296,18365138825
A,omp,guided,16,1000000,28,4,3,9.199246,18365138825
A,omp,guided,64,1000000,28,4,1,9.157687,18365138825
A,omp,guided,64,1000000,28,4,2,9.121332,18365138825
A,omp,guided,64,1000000,28,4,3,9.117026,18365138825
A,omp,static,0,1000000,28,8,1,6.237399,18365138825
A,omp,static,0,1000000,28,8,2,6.219271,18365138825
A,omp,static,0,1000000,28,8,3,6.330105,18365138825
A,omp,dynamic,1,1000000,28,8,1,6.244467,18365138825
A,omp,dynamic,1,1000000,28,8,2,6.307072,18365138825
A,omp,dynamic,1,1000000,28,8,3,6.389428,18365138825
A,omp,dynamic,4,1000000,28,8,1,6.398593,18365138825
A,omp,dynamic,4,1000000,28,8,2,6.393166,18365138825
A,omp,dynamic,4,1000000,28,8,3,6.483023,18365138825
A,omp,dynamic,16,1000000,28,8,1,7.174295,18365138825
A,omp,dynamic,16,1000000,28,8,2,6.972460,18365138825
A,omp,dynamic,16,1000000,28,8,3,7.361424,18365138825
A,omp,dynamic,64,1000000,28,8,1,7.342249,18365138825
A,omp,dynamic,64,1000000,28,8,2,7.192417,18365138825
A,omp,dynamic,64,1000000,28,8,3,7.344936,18365138825
A,omp,guided,1,1000000,28,8,1,7.413229,18365138825
A,omp,guided,1,1000000,28,8,2,8.401137,18365138825
A,omp,guided,1,1000000,28,8,3,8.496881,18365138825
A,omp,guided,4,1000000,28,8,1,8.442400,18365138825
A,omp,guided,4,1000000,28,8,2,8.278638,18365138825
A,omp,guided,4,1000000,28,8,3,8.061720,18365138825
A,omp,guided,16,1000000,28,8,1,8.115926,18365138825
A,omp,guided,16,1000000,28,8,2,8.183129,18365138825
A,omp,guided,16,1000000,28,8,3,8.272157,18365138825
A,omp,guided,64,1000000,28,8,1,8.225912,18365138825
A,omp,guided,64,1000000,28,8,2,8.181688,18365138825
A,omp,guided,64,1000000,28,8,3,8.363306,18365138825
A,omp,static,0,1000000,28,16,1,8.162591,18365138825
A,omp,static,0,1000000,28,16,2,7.965849,18365138825
A,omp,static,0,1000000,28,16,3,7.940424,18365138825
A,omp,dynamic,1,1000000,28,16,1,7.886928,18365138825
A,omp,dynamic,1,1000000,28,16,2,7.876397,18365138825
A,omp,dynamic,1,1000000,28,16,3,8.098968,18365138825
A,omp,dynamic,4,1000000,28,16,1,8.018087,18365138825
A,omp,dynamic,4,1000000,28,16,2,7.925230,18365138825
A,omp,dynamic,4,1000000,28,16,3,7.782365,18365138825
A,omp,dynamic,16,1000000,28,16,1,7.804550,18365138825
A,omp,dynamic,16,1000000,28,16,2,7.907539,18365138825
A,omp,dynamic,16,1000000,28,16,3,7.723628,18365138825
A,omp,dynamic,64,1000000,28,16,1,7.887299,18365138825
A,omp,dynamic,64,1000000,28,16,2,7.699700,18365138825
A,omp,dynamic,64,1000000,28,16,3,7.869565,18365138825
A,omp,guided,1,1000000,28,16,1,7.784158,18365138825
A,omp,guided,1,1000000,28,16,2,7.786604,18365138825
A,omp,guided,1,1000000,28,16,3,7.895600,18365138825
A,omp,guided,4,1000000,28,16,1,7.798101,18365138825
A,omp,guided,4,1000000,28,16,2,7.781827,18365138825
A,omp,guided,4,1000000,28,16,3,7.968021,18365138825
A,omp,guided,16,1000000,28,16,1,7.923730,18365138825
A,omp,guided,16,1000000,28,16,2,7.943556,18365138825
A,omp,guided,16,1000000,28,16,3,7.818075,18365138825
A,omp,guided,64,1000000,28,16,1,7.946520,18365138825
A,omp,guided,64,1000000,28,16,2,7.815060,18365138825
A,omp,guided,64,1000000,28,16,3,7.896933,18365138825
